source,query,location_name,review_text,review_author,location_rating,location_address,url
Google Maps,cafes in Delhi,Triveni Terrace Cafe,"Triveni Terrace Caf√© is a serene escape in the heart of Delhi, offering a peaceful and artistic ambience that easily earns a ‚≠ê‚≠ê‚≠ê‚≠ê‚≠ê rating. It‚Äôs the perfect place to relax with a book or catch up with friends in a calm, open-air setting. The ‚Ä¶",sikandar khan,4.4,"205, Tansen Marg, Opp. FICCI Auditorium, Todermal Road Area, Mandi House, New Delhi, Delhi 110001",https://www.google.com/maps/place/Triveni+Terrace+Cafe/data=!4m7!3m6!1s0x390cfd2cf0a98581:0x9895419ecd5a641c!8m2!3d28.6272943!4d77.2326609!16s%2Fg%2F11bcf2spp7!19sChIJgYWp8Cz9DDkRHGRazZ5BlZg?authuser=0&hl=en&rclk=1
Google Maps,cafes in Delhi,Triveni Terrace Cafe,"It was a pleasant spot, offering a peaceful and green environment that felt like a world of its own. The food was decent, though not exceptional. The ambience was calm, clean, and well-maintained, making it a refreshing escape.
Keep an eye on the ongoing events!",Mohit Hambiria,4.4,"205, Tansen Marg, Opp. FICCI Auditorium, Todermal Road Area, Mandi House, New Delhi, Delhi 110001",https://www.google.com/maps/place/Triveni+Terrace+Cafe/data=!4m7!3m6!1s0x390cfd2cf0a98581:0x9895419ecd5a641c!8m2!3d28.6272943!4d77.2326609!16s%2Fg%2F11bcf2spp7!19sChIJgYWp8Cz9DDkRHGRazZ5BlZg?authuser=0&hl=en&rclk=1
Google Maps,cafes in Delhi,Triveni Terrace Cafe,"A good place to have meals. Generally there is a waiting period. Food was good. The price is decent, not cheap. The atmosphere is good. Worth a visit. Their palak patta chhat was ok. Cutlets were good. Himachali bhature were very good.",Manoj Agrawal,4.4,"205, Tansen Marg, Opp. FICCI Auditorium, Todermal Road Area, Mandi House, New Delhi, Delhi 110001",https://www.google.com/maps/place/Triveni+Terrace+Cafe/data=!4m7!3m6!1s0x390cfd2cf0a98581:0x9895419ecd5a641c!8m2!3d28.6272943!4d77.2326609!16s%2Fg%2F11bcf2spp7!19sChIJgYWp8Cz9DDkRHGRazZ5BlZg?authuser=0&hl=en&rclk=1
Google Maps,cafes in Delhi,Triveni Terrace Cafe,Nice place for art. Keep an eye on ongoing events. Food is really nice. Bit expensive but well worth the cost based on location and ambience. You are not allowed to use laptop inside the cafe. I liked stuffed idli and gun powder idly. All ‚Ä¶,Ronit Gupta,4.4,"205, Tansen Marg, Opp. FICCI Auditorium, Todermal Road Area, Mandi House, New Delhi, Delhi 110001",https://www.google.com/maps/place/Triveni+Terrace+Cafe/data=!4m7!3m6!1s0x390cfd2cf0a98581:0x9895419ecd5a641c!8m2!3d28.6272943!4d77.2326609!16s%2Fg%2F11bcf2spp7!19sChIJgYWp8Cz9DDkRHGRazZ5BlZg?authuser=0&hl=en&rclk=1
Google Maps,cafes in Delhi,Triveni Terrace Cafe,"No doubt - a lovely place to sit in silence and green. A bit expensive for the food that's not special in any way. And by the way, terrace here is on the ground floor lawns. Seating area both indoors and out available",Harpreet S S,4.4,"205, Tansen Marg, Opp. FICCI Auditorium, Todermal Road Area, Mandi House, New Delhi, Delhi 110001",https://www.google.com/maps/place/Triveni+Terrace+Cafe/data=!4m7!3m6!1s0x390cfd2cf0a98581:0x9895419ecd5a641c!8m2!3d28.6272943!4d77.2326609!16s%2Fg%2F11bcf2spp7!19sChIJgYWp8Cz9DDkRHGRazZ5BlZg?authuser=0&hl=en&rclk=1
Google Maps,cafes in Delhi,Triveni Terrace Cafe,Great food great atmosphere and a chilled place with a lot of culture to enjoy and explore in this place! Must do. Institutions of food in Delhi.,Vidur Bharatram,4.4,"205, Tansen Marg, Opp. FICCI Auditorium, Todermal Road Area, Mandi House, New Delhi, Delhi 110001",https://www.google.com/maps/place/Triveni+Terrace+Cafe/data=!4m7!3m6!1s0x390cfd2cf0a98581:0x9895419ecd5a641c!8m2!3d28.6272943!4d77.2326609!16s%2Fg%2F11bcf2spp7!19sChIJgYWp8Cz9DDkRHGRazZ5BlZg?authuser=0&hl=en&rclk=1
Google Maps,cafes in Delhi,Triveni Terrace Cafe,"We really loved this place. Service was great, atmosphere was amazing and food was tasty as well. Everything we ordered was great, Vada pav, aloo tikki and masala tea. Only problem we faced was reaching to this place as the Google map ‚Ä¶",Prashant Tiwari,4.4,"205, Tansen Marg, Opp. FICCI Auditorium, Todermal Road Area, Mandi House, New Delhi, Delhi 110001",https://www.google.com/maps/place/Triveni+Terrace+Cafe/data=!4m7!3m6!1s0x390cfd2cf0a98581:0x9895419ecd5a641c!8m2!3d28.6272943!4d77.2326609!16s%2Fg%2F11bcf2spp7!19sChIJgYWp8Cz9DDkRHGRazZ5BlZg?authuser=0&hl=en&rclk=1
Google Maps,cafes in Delhi,Triveni Terrace Cafe,"Visited Triveni cafe for the 1st time. Had heard a lot about it. It‚Äôs a very small cafe inside of the Triveni kala sangam on Mandi House. There was a waiting of 30 minutes. It opens at 10 am and closes at 7.30 pm. We ordered for tea, Palak ‚Ä¶",Food Date,4.4,"205, Tansen Marg, Opp. FICCI Auditorium, Todermal Road Area, Mandi House, New Delhi, Delhi 110001",https://www.google.com/maps/place/Triveni+Terrace+Cafe/data=!4m7!3m6!1s0x390cfd2cf0a98581:0x9895419ecd5a641c!8m2!3d28.6272943!4d77.2326609!16s%2Fg%2F11bcf2spp7!19sChIJgYWp8Cz9DDkRHGRazZ5BlZg?authuser=0&hl=en&rclk=1
Google Maps,cafes in Delhi,Triveni Terrace Cafe,It was a nice place for artists. Food was nice nothing extraordinary. Ambience was peaceful. Neat and clean green environment. It altogether different world.,Taranjeet Kaur,4.4,"205, Tansen Marg, Opp. FICCI Auditorium, Todermal Road Area, Mandi House, New Delhi, Delhi 110001",https://www.google.com/maps/place/Triveni+Terrace+Cafe/data=!4m7!3m6!1s0x390cfd2cf0a98581:0x9895419ecd5a641c!8m2!3d28.6272943!4d77.2326609!16s%2Fg%2F11bcf2spp7!19sChIJgYWp8Cz9DDkRHGRazZ5BlZg?authuser=0&hl=en&rclk=1
Google Maps,cafes in Delhi,Triveni Terrace Cafe,"A Hidden Cultural Gem in the Heart of Delhi!
üìç Triveni Kala Sangam, Mandi House ‚Ä¶",Parth Kapole,4.4,"205, Tansen Marg, Opp. FICCI Auditorium, Todermal Road Area, Mandi House, New Delhi, Delhi 110001",https://www.google.com/maps/place/Triveni+Terrace+Cafe/data=!4m7!3m6!1s0x390cfd2cf0a98581:0x9895419ecd5a641c!8m2!3d28.6272943!4d77.2326609!16s%2Fg%2F11bcf2spp7!19sChIJgYWp8Cz9DDkRHGRazZ5BlZg?authuser=0&hl=en&rclk=1
Google Maps,cafes in Delhi,AMA Cafe | Majnu Ka Tilla,This place used to be a Go to no brainer kind of choice and the Food was amazing. Although the food is still quite tasty the service is going through the drain. The popularity this place held has made the staff somewhat secure in their jobs ‚Ä¶,Harsh Sharma,4.5,"House no. 6, 1st Floor, New Aruna Colony, Majnu-ka-tilla, New Aruna Nagar, New Delhi, Delhi, 110054",https://www.google.com/maps/place/AMA+Cafe+%7C+Majnu+Ka+Tilla/data=!4m7!3m6!1s0x390cfdc56ff9ff1b:0x95b9aa88b9ef0eb3!8m2!3d28.7026021!4d77.2283847!16s%2Fg%2F11b7rk6tc_!19sChIJG__5b8X9DDkRsw7vuYiquZU?authuser=0&hl=en&rclk=1
Google Maps,cafes in Delhi,AMA Cafe | Majnu Ka Tilla,"Absolutely loved my experience at AMA Caf√©! I tried their sandwich, and honestly, it‚Äôs one of the best I‚Äôve ever had ‚Äî fresh ingredients, perfectly toasted, and packed with flavor. The portion size was generous, and the pricing felt totally ‚Ä¶",Sanjay Kumar S,4.5,"House no. 6, 1st Floor, New Aruna Colony, Majnu-ka-tilla, New Aruna Nagar, New Delhi, Delhi, 110054",https://www.google.com/maps/place/AMA+Cafe+%7C+Majnu+Ka+Tilla/data=!4m7!3m6!1s0x390cfdc56ff9ff1b:0x95b9aa88b9ef0eb3!8m2!3d28.7026021!4d77.2283847!16s%2Fg%2F11b7rk6tc_!19sChIJG__5b8X9DDkRsw7vuYiquZU?authuser=0&hl=en&rclk=1
Google Maps,cafes in Delhi,AMA Cafe | Majnu Ka Tilla,"I‚Äôve been to this caf√© many times, and it‚Äôs safe to say ‚Äî it‚Äôs one of our absolute favorites! The food is consistently amazing. I love their pizza, pasta, and sandwiches ‚Äî everything tastes fresh, flavorful, and made with care. ‚Ä¶",Shivani Anand,4.5,"House no. 6, 1st Floor, New Aruna Colony, Majnu-ka-tilla, New Aruna Nagar, New Delhi, Delhi, 110054",https://www.google.com/maps/place/AMA+Cafe+%7C+Majnu+Ka+Tilla/data=!4m7!3m6!1s0x390cfdc56ff9ff1b:0x95b9aa88b9ef0eb3!8m2!3d28.7026021!4d77.2283847!16s%2Fg%2F11b7rk6tc_!19sChIJG__5b8X9DDkRsw7vuYiquZU?authuser=0&hl=en&rclk=1
Google Maps,cafes in Delhi,AMA Cafe | Majnu Ka Tilla,"The cafe was incredibly cozy and beautiful! You can't just walk in and sit down - you need to arrive about half an hour early to book a spot, and then they'll call you when it's ready. I ordered their boba tea and red velvet cake, and the ‚Ä¶",Phurbu Dolma Khangsar,4.5,"House no. 6, 1st Floor, New Aruna Colony, Majnu-ka-tilla, New Aruna Nagar, New Delhi, Delhi, 110054",https://www.google.com/maps/place/AMA+Cafe+%7C+Majnu+Ka+Tilla/data=!4m7!3m6!1s0x390cfdc56ff9ff1b:0x95b9aa88b9ef0eb3!8m2!3d28.7026021!4d77.2283847!16s%2Fg%2F11b7rk6tc_!19sChIJG__5b8X9DDkRsw7vuYiquZU?authuser=0&hl=en&rclk=1
Google Maps,cafes in Delhi,AMA Cafe | Majnu Ka Tilla,"AMA is a gem honestly. Perfect place for dates.
I found this place few years ago and I‚Äôve been a constant at their cafe since then. ‚Ä¶",le vishal,4.5,"House no. 6, 1st Floor, New Aruna Colony, Majnu-ka-tilla, New Aruna Nagar, New Delhi, Delhi, 110054",https://www.google.com/maps/place/AMA+Cafe+%7C+Majnu+Ka+Tilla/data=!4m7!3m6!1s0x390cfdc56ff9ff1b:0x95b9aa88b9ef0eb3!8m2!3d28.7026021!4d77.2283847!16s%2Fg%2F11b7rk6tc_!19sChIJG__5b8X9DDkRsw7vuYiquZU?authuser=0&hl=en&rclk=1
Google Maps,cafes in Delhi,AMA Cafe | Majnu Ka Tilla,"Probably the best brunch spot in Delhi. Good selection of classic brunch options. Pancakes and french toasts are good, keep in mind - really sweet. Salads are good too. Baked goods can sometimes taste stale but oatmeal cookie is underrated ‚Ä¶",Urtƒó Leke≈°ytƒó,4.5,"House no. 6, 1st Floor, New Aruna Colony, Majnu-ka-tilla, New Aruna Nagar, New Delhi, Delhi, 110054",https://www.google.com/maps/place/AMA+Cafe+%7C+Majnu+Ka+Tilla/data=!4m7!3m6!1s0x390cfdc56ff9ff1b:0x95b9aa88b9ef0eb3!8m2!3d28.7026021!4d77.2283847!16s%2Fg%2F11b7rk6tc_!19sChIJG__5b8X9DDkRsw7vuYiquZU?authuser=0&hl=en&rclk=1
Google Maps,cafes in Delhi,AMA Cafe | Majnu Ka Tilla,"Ama Caf√© is a fantastic spot for an early morning breakfast, opening as early as 7:30 AM. We visited around 8:30 AM and were delighted with the experience. ‚Ä¶",Raj,4.5,"House no. 6, 1st Floor, New Aruna Colony, Majnu-ka-tilla, New Aruna Nagar, New Delhi, Delhi, 110054",https://www.google.com/maps/place/AMA+Cafe+%7C+Majnu+Ka+Tilla/data=!4m7!3m6!1s0x390cfdc56ff9ff1b:0x95b9aa88b9ef0eb3!8m2!3d28.7026021!4d77.2283847!16s%2Fg%2F11b7rk6tc_!19sChIJG__5b8X9DDkRsw7vuYiquZU?authuser=0&hl=en&rclk=1
Google Maps,cafes in Delhi,AMA Cafe | Majnu Ka Tilla,"Just straight phenomenal and extremely affordable for what they provide.

Food was excellent, staff are genuine and the atmosphere is amazing. We had the ‚Ä¶",Cameron Hynd,4.5,"House no. 6, 1st Floor, New Aruna Colony, Majnu-ka-tilla, New Aruna Nagar, New Delhi, Delhi, 110054",https://www.google.com/maps/place/AMA+Cafe+%7C+Majnu+Ka+Tilla/data=!4m7!3m6!1s0x390cfdc56ff9ff1b:0x95b9aa88b9ef0eb3!8m2!3d28.7026021!4d77.2283847!16s%2Fg%2F11b7rk6tc_!19sChIJG__5b8X9DDkRsw7vuYiquZU?authuser=0&hl=en&rclk=1
Google Maps,cafes in Delhi,AMA Cafe | Majnu Ka Tilla,"The food is fantastic, so is the ambience and the atmosphere. Great food portions. ‚Ä¶",Christabelle,4.5,"House no. 6, 1st Floor, New Aruna Colony, Majnu-ka-tilla, New Aruna Nagar, New Delhi, Delhi, 110054",https://www.google.com/maps/place/AMA+Cafe+%7C+Majnu+Ka+Tilla/data=!4m7!3m6!1s0x390cfdc56ff9ff1b:0x95b9aa88b9ef0eb3!8m2!3d28.7026021!4d77.2283847!16s%2Fg%2F11b7rk6tc_!19sChIJG__5b8X9DDkRsw7vuYiquZU?authuser=0&hl=en&rclk=1
Google Maps,cafes in Delhi,AMA Cafe | Majnu Ka Tilla,"This has to be one of my favourite places for breakfast and if you have been here then you‚Äôll already know why and if you haven‚Äôt, you must go and check it out. First of all hands on to the staff and what an amazing management system they ‚Ä¶",Suchika Nagpal,4.5,"House no. 6, 1st Floor, New Aruna Colony, Majnu-ka-tilla, New Aruna Nagar, New Delhi, Delhi, 110054",https://www.google.com/maps/place/AMA+Cafe+%7C+Majnu+Ka+Tilla/data=!4m7!3m6!1s0x390cfdc56ff9ff1b:0x95b9aa88b9ef0eb3!8m2!3d28.7026021!4d77.2283847!16s%2Fg%2F11b7rk6tc_!19sChIJG__5b8X9DDkRsw7vuYiquZU?authuser=0&hl=en&rclk=1
Google Maps,cafes in Delhi,Cafe Wink,"We had a great experience at Cafe Wink! The ambience was really lovely, very calm and peaceful, along with good slow music, perfect for a date night.
The food was super tasty, special mention - Pinacolada, wow so refreshing!
You have plenty of parking space as well, overall a 5/5 from my side.",Vyshak Venugopal,4.4,"Sikka Galaxy, G-1, near Dav Public School, Shreshtha Vihar, Anand Vihar, New Delhi, Delhi, 110092",https://www.google.com/maps/place/Cafe+Wink/data=!4m7!3m6!1s0x390cfb1645555555:0x62ede78dbfd33ace!8m2!3d28.6574136!4d77.3171053!16s%2Fg%2F1hm6gghkj!19sChIJVVVVRRb7DDkRzjrTv43n7WI?authuser=0&hl=en&rclk=1
Google Maps,cafes in Delhi,Cafe Wink,"The food was of good quality; however, the service left much to be desired. We had to request glasses, which took five minutes to arrive. After finishing the appetizers, the plates were cleared to bring fresh ones. Unfortunately, when the ‚Ä¶",Rohan Anil Paleri,4.4,"Sikka Galaxy, G-1, near Dav Public School, Shreshtha Vihar, Anand Vihar, New Delhi, Delhi, 110092",https://www.google.com/maps/place/Cafe+Wink/data=!4m7!3m6!1s0x390cfb1645555555:0x62ede78dbfd33ace!8m2!3d28.6574136!4d77.3171053!16s%2Fg%2F1hm6gghkj!19sChIJVVVVRRb7DDkRzjrTv43n7WI?authuser=0&hl=en&rclk=1
Google Maps,cafes in Delhi,Cafe Wink,First I want to appreciate their visible kitchen concept where you can see the kitchen from a big wall of glass that ensures that everything you order is being prepared with proper hygiene. ‚Ä¶,Pranjal Shrivastava,4.4,"Sikka Galaxy, G-1, near Dav Public School, Shreshtha Vihar, Anand Vihar, New Delhi, Delhi, 110092",https://www.google.com/maps/place/Cafe+Wink/data=!4m7!3m6!1s0x390cfb1645555555:0x62ede78dbfd33ace!8m2!3d28.6574136!4d77.3171053!16s%2Fg%2F1hm6gghkj!19sChIJVVVVRRb7DDkRzjrTv43n7WI?authuser=0&hl=en&rclk=1
Google Maps,cafes in Delhi,Cafe Wink,"Cozy vibes, great food! Tried the Barbecue Pasta, Loaded Nachos, and probably the best Tiramisu I‚Äôve had in a while. Loved the pastel interiors and chill atmosphere. Perfect for a relaxed hangout. Definitely coming back",Darpan Khurana,4.4,"Sikka Galaxy, G-1, near Dav Public School, Shreshtha Vihar, Anand Vihar, New Delhi, Delhi, 110092",https://www.google.com/maps/place/Cafe+Wink/data=!4m7!3m6!1s0x390cfb1645555555:0x62ede78dbfd33ace!8m2!3d28.6574136!4d77.3171053!16s%2Fg%2F1hm6gghkj!19sChIJVVVVRRb7DDkRzjrTv43n7WI?authuser=0&hl=en&rclk=1
Google Maps,cafes in Delhi,Cafe Wink,"Caf√© Wink offers a cozy, aesthetic ambiance with vintage decor and floral touches, perfect for brunch or casual outings. The food is delicious and beautifully presented‚Äîespecially the creamy white sauce pasta, cheesy lasagna, refreshing ‚Ä¶",Mahima Rawat,4.4,"Sikka Galaxy, G-1, near Dav Public School, Shreshtha Vihar, Anand Vihar, New Delhi, Delhi, 110092",https://www.google.com/maps/place/Cafe+Wink/data=!4m7!3m6!1s0x390cfb1645555555:0x62ede78dbfd33ace!8m2!3d28.6574136!4d77.3171053!16s%2Fg%2F1hm6gghkj!19sChIJVVVVRRb7DDkRzjrTv43n7WI?authuser=0&hl=en&rclk=1
Google Maps,cafes in Delhi,Cafe Wink,It was a nice experience. I went with my wife and we ordered Veg Pizza and Lasagna with Kitkat Shake. The food was delicious and the service was also good. The serving qty was also sufficient for 2 people. üòãüòã ‚Ä¶,Naman Jain,4.4,"Sikka Galaxy, G-1, near Dav Public School, Shreshtha Vihar, Anand Vihar, New Delhi, Delhi, 110092",https://www.google.com/maps/place/Cafe+Wink/data=!4m7!3m6!1s0x390cfb1645555555:0x62ede78dbfd33ace!8m2!3d28.6574136!4d77.3171053!16s%2Fg%2F1hm6gghkj!19sChIJVVVVRRb7DDkRzjrTv43n7WI?authuser=0&hl=en&rclk=1
Google Maps,cafes in Delhi,Cafe Wink,"Very cute little cozy cafe! It was in my list for 2 years and happened to visit! Heard a lot and worth visiting the cafe!
Ambience - 5/5 ‚Ä¶",Karthik M Y,4.4,"Sikka Galaxy, G-1, near Dav Public School, Shreshtha Vihar, Anand Vihar, New Delhi, Delhi, 110092",https://www.google.com/maps/place/Cafe+Wink/data=!4m7!3m6!1s0x390cfb1645555555:0x62ede78dbfd33ace!8m2!3d28.6574136!4d77.3171053!16s%2Fg%2F1hm6gghkj!19sChIJVVVVRRb7DDkRzjrTv43n7WI?authuser=0&hl=en&rclk=1
Google Maps,cafes in Delhi,Cafe Wink,"Went there just before Christmas. Although it lives up to the hype for Christmas decoration, the food does not live up to its reputation. ‚Ä¶",Divesh Gupta,4.4,"Sikka Galaxy, G-1, near Dav Public School, Shreshtha Vihar, Anand Vihar, New Delhi, Delhi, 110092",https://www.google.com/maps/place/Cafe+Wink/data=!4m7!3m6!1s0x390cfb1645555555:0x62ede78dbfd33ace!8m2!3d28.6574136!4d77.3171053!16s%2Fg%2F1hm6gghkj!19sChIJVVVVRRb7DDkRzjrTv43n7WI?authuser=0&hl=en&rclk=1
Google Maps,cafes in Delhi,Cafe Wink,Going downhill for sure. Saying this after being a regular customer since 3 yrs and eating avocado toast 10-15 times. ‚Ä¶,Gunjeet Singh,4.4,"Sikka Galaxy, G-1, near Dav Public School, Shreshtha Vihar, Anand Vihar, New Delhi, Delhi, 110092",https://www.google.com/maps/place/Cafe+Wink/data=!4m7!3m6!1s0x390cfb1645555555:0x62ede78dbfd33ace!8m2!3d28.6574136!4d77.3171053!16s%2Fg%2F1hm6gghkj!19sChIJVVVVRRb7DDkRzjrTv43n7WI?authuser=0&hl=en&rclk=1
Google Maps,cafes in Delhi,Cafe Wink,"Been going here since the time it was opened. Love that they have everything at breakfast time.
Must try their basil pesto flatbread, corn cutlet ‚Ä¶",Richa Gupta Todi,4.4,"Sikka Galaxy, G-1, near Dav Public School, Shreshtha Vihar, Anand Vihar, New Delhi, Delhi, 110092",https://www.google.com/maps/place/Cafe+Wink/data=!4m7!3m6!1s0x390cfb1645555555:0x62ede78dbfd33ace!8m2!3d28.6574136!4d77.3171053!16s%2Fg%2F1hm6gghkj!19sChIJVVVVRRb7DDkRzjrTv43n7WI?authuser=0&hl=en&rclk=1
Google Maps,cafes in Delhi,United Coffee House,"I recently visited United Coffee House, and it truly lives up to its legacy. The ambiance is elegant and takes you back in time with its vintage decor. The staff was courteous and attentive throughout the meal. I tried their signature ‚Ä¶",Mujeeb ur rahman,4.2,"Inner Cir, E-15, Block E, Connaught Place, New Delhi, Delhi 110001",https://www.google.com/maps/place/United+Coffee+House/data=!4m7!3m6!1s0x390cfd371dc27e85:0x485ece2292ffa9f3!8m2!3d28.632377!4d77.2213847!16s%2Fg%2F1v6qf_r_!19sChIJhX7CHTf9DDkR86n_kiLOXkg?authuser=0&hl=en&rclk=1
Google Maps,cafes in Delhi,United Coffee House,"I rarely dwell on pricing in reviews, but I feel compelled to share this experience. A 330ml Kingfisher Premium Pint priced at ‚Çπ880 (inclusive of taxes) at United Coffee House genuinely caught me off guard‚Äîespecially when you realize that‚Äôs ‚Ä¶",Manoj Madhavan,4.2,"Inner Cir, E-15, Block E, Connaught Place, New Delhi, Delhi 110001",https://www.google.com/maps/place/United+Coffee+House/data=!4m7!3m6!1s0x390cfd371dc27e85:0x485ece2292ffa9f3!8m2!3d28.632377!4d77.2213847!16s%2Fg%2F1v6qf_r_!19sChIJhX7CHTf9DDkR86n_kiLOXkg?authuser=0&hl=en&rclk=1
Google Maps,cafes in Delhi,United Coffee House,Hello üëã How are you? I stopped here to start my day with a cappuccino coffee. I'm glad I did. It tasted great! The service was excellent and everyone had a nice uniform including the really cool security man outside. ‚Ä¶,Jay BouncingPlaces (BOUNCINGPLACES),4.2,"Inner Cir, E-15, Block E, Connaught Place, New Delhi, Delhi 110001",https://www.google.com/maps/place/United+Coffee+House/data=!4m7!3m6!1s0x390cfd371dc27e85:0x485ece2292ffa9f3!8m2!3d28.632377!4d77.2213847!16s%2Fg%2F1v6qf_r_!19sChIJhX7CHTf9DDkR86n_kiLOXkg?authuser=0&hl=en&rclk=1
Google Maps,cafes in Delhi,United Coffee House,"The place and food presentation, service is stunning as always.. for some reason this recent visit unfortunately, not all the food was great..
- The Lal Maas dish, didn‚Äôt pack the oomph and punch expected! ‚Ä¶",Manohar Garikapati,4.2,"Inner Cir, E-15, Block E, Connaught Place, New Delhi, Delhi 110001",https://www.google.com/maps/place/United+Coffee+House/data=!4m7!3m6!1s0x390cfd371dc27e85:0x485ece2292ffa9f3!8m2!3d28.632377!4d77.2213847!16s%2Fg%2F1v6qf_r_!19sChIJhX7CHTf9DDkR86n_kiLOXkg?authuser=0&hl=en&rclk=1
Google Maps,cafes in Delhi,United Coffee House,"Dining at United Coffee House is nothing short of a time-travel experience. The vintage charm, regal interiors, and classic ambiance instantly transport you to an era gone by. I was there and  reminiscing about the old Connaught Place days, ‚Ä¶",Nanda Kumar Parthasarathy,4.2,"Inner Cir, E-15, Block E, Connaught Place, New Delhi, Delhi 110001",https://www.google.com/maps/place/United+Coffee+House/data=!4m7!3m6!1s0x390cfd371dc27e85:0x485ece2292ffa9f3!8m2!3d28.632377!4d77.2213847!16s%2Fg%2F1v6qf_r_!19sChIJhX7CHTf9DDkR86n_kiLOXkg?authuser=0&hl=en&rclk=1
Google Maps,cafes in Delhi,United Coffee House,"United coffee house is my absolute favourite place in Delhi. Whether we‚Äôll talk about Food, service or atmosphere.
Loved their food specially garlic naan, and their iconic paneer ki sabji can‚Äôt ‚Ä¶",Khushbu Kumari,4.2,"Inner Cir, E-15, Block E, Connaught Place, New Delhi, Delhi 110001",https://www.google.com/maps/place/United+Coffee+House/data=!4m7!3m6!1s0x390cfd371dc27e85:0x485ece2292ffa9f3!8m2!3d28.632377!4d77.2213847!16s%2Fg%2F1v6qf_r_!19sChIJhX7CHTf9DDkR86n_kiLOXkg?authuser=0&hl=en&rclk=1
Google Maps,cafes in Delhi,United Coffee House,"we visited place on a Friday evening and it was busy but the service was fantastic.
Ordered vegetable tempura, which was battered not on the tempura flour and came ‚Ä¶",Shyam M,4.2,"Inner Cir, E-15, Block E, Connaught Place, New Delhi, Delhi 110001",https://www.google.com/maps/place/United+Coffee+House/data=!4m7!3m6!1s0x390cfd371dc27e85:0x485ece2292ffa9f3!8m2!3d28.632377!4d77.2213847!16s%2Fg%2F1v6qf_r_!19sChIJhX7CHTf9DDkR86n_kiLOXkg?authuser=0&hl=en&rclk=1
Google Maps,cafes in Delhi,United Coffee House,"Lovely ambience, great food. You always will feel happy being there. I am going there since 35 years now and enjoy it everytime.",Pranav Sharma,4.2,"Inner Cir, E-15, Block E, Connaught Place, New Delhi, Delhi 110001",https://www.google.com/maps/place/United+Coffee+House/data=!4m7!3m6!1s0x390cfd371dc27e85:0x485ece2292ffa9f3!8m2!3d28.632377!4d77.2213847!16s%2Fg%2F1v6qf_r_!19sChIJhX7CHTf9DDkR86n_kiLOXkg?authuser=0&hl=en&rclk=1
Google Maps,cafes in Delhi,United Coffee House,"Terrible service, zero cleanliness, and tasteless food ‚Äî the only thing good here is the decor. Even basic order-taking was a mess. ‚Ä¶",Snehal Naik Gole,4.2,"Inner Cir, E-15, Block E, Connaught Place, New Delhi, Delhi 110001",https://www.google.com/maps/place/United+Coffee+House/data=!4m7!3m6!1s0x390cfd371dc27e85:0x485ece2292ffa9f3!8m2!3d28.632377!4d77.2213847!16s%2Fg%2F1v6qf_r_!19sChIJhX7CHTf9DDkR86n_kiLOXkg?authuser=0&hl=en&rclk=1
Google Maps,cafes in Delhi,United Coffee House,Went for a business meeting at 11 am. Empty place but started filling up slowly. The ambience was English and wonder if it will appeal to gen-Z. Definitely an expensive affair. The bill had a whooping V.S.C which I saw later and should have ‚Ä¶,Surinder Singh,4.2,"Inner Cir, E-15, Block E, Connaught Place, New Delhi, Delhi 110001",https://www.google.com/maps/place/United+Coffee+House/data=!4m7!3m6!1s0x390cfd371dc27e85:0x485ece2292ffa9f3!8m2!3d28.632377!4d77.2213847!16s%2Fg%2F1v6qf_r_!19sChIJhX7CHTf9DDkR86n_kiLOXkg?authuser=0&hl=en&rclk=1
